league,league_name,market,n,logloss_poisson,brier_poisson,logloss_ml,brier_ml
B1,Belgium First Division A,1x2_away,160,0.6364682386907953,0.21656977111388737,0.6218458541992279,0.2137376981622356
B1,Belgium First Division A,1x2_draw,160,0.6088929486108118,0.2082971996731983,0.5885002963553218,0.2007111061282202
B1,Belgium First Division A,1x2_home,160,0.6984088265858813,0.25275602737245756,0.6407463924187541,0.22490946250982505
B1,Belgium First Division A,btts_no,160,0.688114914280756,0.24694349693860823,0.6846401543706289,0.24555806466104454
B1,Belgium First Division A,btts_yes,160,0.688114914280756,0.24694349693860823,0.6846401543706289,0.24555806466104454
B1,Belgium First Division A,dc_12,160,0.6088929486108118,0.2082971996731983,0.5885002963553216,0.20071110612822016
B1,Belgium First Division A,dc_1x,160,0.6364682386907953,0.21656977111388737,0.6218458541992279,0.2137376981622356
B1,Belgium First Division A,dc_2x,160,0.6984088265858813,0.2527560273724575,0.6407463924187541,0.22490946250982505
B1,Belgium First Division A,over_0.5,160,0.2530943195843133,0.06438145585415005,0.24580080999246984,0.06383803027718216
B1,Belgium First Division A,over_1.5,160,0.5645453330707535,0.18955585796319765,0.545747390656285,0.18399784347510492
B1,Belgium First Division A,over_2.5,160,0.7727942724874433,0.2836166102441351,0.7201627228378589,0.26063459980680453
B1,Belgium First Division A,over_3.5,160,0.6635298796841652,0.2342282711478168,0.591777541402714,0.2016168268290858
B1,Belgium First Division A,under_0.5,160,0.2530943195843132,0.06438145585415005,0.24580080999246984,0.06383803027718217
B1,Belgium First Division A,under_1.5,160,0.5645453330707535,0.18955585796319768,0.545747390656285,0.18399784347510498
B1,Belgium First Division A,under_2.5,160,0.7727942724874433,0.2836166102441351,0.7201627228378591,0.26063459980680453
B1,Belgium First Division A,under_3.5,160,0.6635298796841651,0.2342282711478168,0.591777541402714,0.2016168268290858
D1,Bundesliga,1x2_away,149,0.5457239025915128,0.18476703919370757,0.5448958689782393,0.18440809046935208
D1,Bundesliga,1x2_draw,149,0.521733464815586,0.17019230944293184,0.5269834391875516,0.17222379586999098
D1,Bundesliga,1x2_home,149,0.595264260521396,0.2049166828619473,0.5994578050542049,0.20594664075440225
D1,Bundesliga,btts_no,149,0.7008486589445524,0.2527436897087962,0.7210630207141827,0.2607155422528742
D1,Bundesliga,btts_yes,149,0.7008486589445524,0.2527436897087962,0.7210630207141827,0.26071554225287424
D1,Bundesliga,dc_12,149,0.521733464815586,0.17019230944293187,0.5269834391875516,0.17222379586999098
D1,Bundesliga,dc_1x,149,0.5457239025915128,0.18476703919370757,0.5448958689782393,0.18440809046935208
D1,Bundesliga,dc_2x,149,0.595264260521396,0.2049166828619473,0.599457805054205,0.20594664075440225
D1,Bundesliga,over_0.5,149,0.21207619434040634,0.05112945787281942,0.2078888011979912,0.050742833357703875
D1,Bundesliga,over_1.5,149,0.4575827153005537,0.1409017250124279,0.4543623778894428,0.14044807370401458
D1,Bundesliga,over_2.5,149,0.6696527940456407,0.2363112964873691,0.6787523871494694,0.24088302109022358
D1,Bundesliga,over_3.5,149,0.6797395431307565,0.2431738291912283,0.6879465847087258,0.24625797197687233
D1,Bundesliga,under_0.5,149,0.21207619434040637,0.05112945787281942,0.20788880119799116,0.05074283335770386
D1,Bundesliga,under_1.5,149,0.4575827153005536,0.14090172501242787,0.4543623778894428,0.14044807370401452
D1,Bundesliga,under_2.5,149,0.6696527940456407,0.2363112964873691,0.6787523871494694,0.24088302109022358
D1,Bundesliga,under_3.5,149,0.6797395431307565,0.2431738291912283,0.6879465847087258,0.24625797197687233
D2,2. Bundesliga,1x2_away,153,0.6772084544818051,0.2379315216863587,0.6675924449161379,0.23524169101939457
D2,2. Bundesliga,1x2_draw,153,0.5029412899152425,0.1618561734518743,0.5137363577952109,0.16558120995597003
D2,2. Bundesliga,1x2_home,153,0.7091782393663234,0.2565239492813465,0.7062193761895703,0.25390567040637974
D2,2. Bundesliga,btts_no,153,0.7637629170451797,0.28191343112111605,0.7572092646889436,0.2792960236027726
D2,2. Bundesliga,btts_yes,153,0.7637629170451797,0.28191343112111605,0.7572092646889436,0.2792960236027726
D2,2. Bundesliga,dc_12,153,0.5029412899152427,0.1618561734518743,0.5137363577952109,0.16558120995597006
D2,2. Bundesliga,dc_1x,153,0.6772084544818052,0.23793152168635864,0.6675924449161378,0.23524169101939457
D2,2. Bundesliga,dc_2x,153,0.7091782393663234,0.2565239492813465,0.7062193761895703,0.25390567040637974
D2,2. Bundesliga,over_0.5,153,0.24203250489616082,0.056593821353422384,0.2302480619703428,0.056057182307479386
D2,2. Bundesliga,over_1.5,153,0.6172532702704511,0.19457237262212101,0.6127302256122162,0.19600021147521496
D2,2. Bundesliga,over_2.5,153,0.754783257876897,0.2747481997617387,0.7349534276481404,0.26782161240694374
D2,2. Bundesliga,over_3.5,153,0.7072554970085806,0.2553359693563558,0.6611832690066017,0.23204879476025844
D2,2. Bundesliga,under_0.5,153,0.24203250489616074,0.05659382135342237,0.23024806197034273,0.056057182307479386
D2,2. Bundesliga,under_1.5,153,0.6172532702704512,0.19457237262212101,0.6127302256122162,0.19600021147521496
D2,2. Bundesliga,under_2.5,153,0.754783257876897,0.2747481997617387,0.7349534276481404,0.26782161240694374
D2,2. Bundesliga,under_3.5,153,0.7072554970085806,0.25533596935635583,0.6611832690066017,0.2320487947602585
E0,Premier League,1x2_away,210,0.5394487502693553,0.17995479494578331,0.5415489109759071,0.18102311096115778
E0,Premier League,1x2_draw,210,0.5761827330004144,0.19410782658033954,0.5689698589040133,0.19155705871801645
E0,Premier League,1x2_home,210,0.6283122307637289,0.22064942027397574,0.6269564122481016,0.21971942119856053
E0,Premier League,btts_no,210,0.6846395318733788,0.24548348214039248,0.6899089442656592,0.2476944475954264
E0,Premier League,btts_yes,210,0.6846395318733788,0.24548348214039248,0.6899089442656592,0.24769444759542636
E0,Premier League,dc_12,210,0.5761827330004144,0.19410782658033954,0.5689698589040132,0.19155705871801645
E0,Premier League,dc_1x,210,0.5394487502693553,0.17995479494578337,0.5415489109759072,0.18102311096115778
E0,Premier League,dc_2x,210,0.6283122307637289,0.22064942027397574,0.6269564122481016,0.21971942119856053
E0,Premier League,over_0.5,210,0.27192954347932297,0.06742161666065002,0.2755608793415932,0.06765484046514608
E0,Premier League,over_1.5,210,0.5055995017732521,0.15981325144334185,0.5055893912428732,0.1598793507841081
E0,Premier League,over_2.5,210,0.6965299396703675,0.25025582962748144,0.6882999401118753,0.2467605985915647
E0,Premier League,over_3.5,210,0.6387943520598799,0.22350309235168378,0.6196747655964827,0.21415255049173504
E0,Premier League,under_0.5,210,0.27192954347932285,0.06742161666065,0.27556087934159307,0.06765484046514608
E0,Premier League,under_1.5,210,0.5055995017732521,0.15981325144334185,0.5055893912428733,0.15987935078410814
E0,Premier League,under_2.5,210,0.6965299396703675,0.25025582962748144,0.6882999401118753,0.2467605985915647
E0,Premier League,under_3.5,210,0.6387943520598799,0.22350309235168375,0.6196747655964827,0.21415255049173504
E1,Championship,1x2_away,307,0.6258427799025531,0.21306747083364685,0.6162777058035078,0.21159340758297476
E1,Championship,1x2_draw,307,0.6000449317864013,0.2005776487054087,0.582484279145434,0.19613333647970999
E1,Championship,1x2_home,307,0.7481208004147565,0.27351122062114835,0.716699211686282,0.25935896169471134
E1,Championship,btts_no,307,0.6853759411882655,0.2460828139351176,0.6869229278498077,0.246905913164
E1,Championship,btts_yes,307,0.6853759411882655,0.2460828139351176,0.6869229278498077,0.246905913164
E1,Championship,dc_12,307,0.6000449317864013,0.20057764870540865,0.582484279145434,0.19613333647970999
E1,Championship,dc_1x,307,0.6258427799025531,0.21306747083364697,0.6162777058035078,0.21159340758297476
E1,Championship,dc_2x,307,0.7481208004147564,0.27351122062114835,0.716699211686282,0.25935896169471134
E1,Championship,over_0.5,307,0.23355958359377707,0.0534057798021677,0.23271000321731944,0.053873858127081835
E1,Championship,over_1.5,307,0.5780650251688548,0.18970609067456115,0.5710538932406459,0.18925573389974634
E1,Championship,over_2.5,307,0.7252976288850701,0.26166531026729783,0.7107261108312525,0.25771617135371705
E1,Championship,over_3.5,307,0.631057801305937,0.21921448397330204,0.5892027160000759,0.1989860120704803
E1,Championship,under_0.5,307,0.23355958359377724,0.0534057798021677,0.23271000321731972,0.053873858127081835
E1,Championship,under_1.5,307,0.578065025168855,0.18970609067456115,0.5710538932406458,0.18925573389974634
E1,Championship,under_2.5,307,0.7252976288850702,0.26166531026729783,0.7107261108312526,0.25771617135371705
E1,Championship,under_3.5,307,0.631057801305937,0.21921448397330204,0.5892027160000759,0.1989860120704803
E2,League One,1x2_away,291,0.596784388559748,0.20328828000167853,0.6016545476951531,0.20632719915983905
E2,League One,1x2_draw,291,0.544932958782029,0.1792986092647093,0.5438116531046325,0.17909356339526158
E2,League One,1x2_home,291,0.6964379774628754,0.25183956247215034,0.7022288009328667,0.2544270662825627
E2,League One,btts_no,291,0.6937443063056776,0.2501221022267399,0.6942349431201205,0.2503351734379516
E2,League One,btts_yes,291,0.6937443063056776,0.2501221022267399,0.6942349431201205,0.2503351734379516
E2,League One,dc_12,291,0.5449329587820289,0.17929860926470928,0.5438116531046325,0.17909356339526158
E2,League One,dc_1x,291,0.596784388559748,0.2032882800016785,0.6016545476951531,0.20632719915983905
E2,League One,dc_2x,291,0.6964379774628754,0.2518395624721503,0.7022288009328667,0.2544270662825627
E2,League One,over_0.5,291,0.21082609274386227,0.051381264254496725,0.21282065727774568,0.051713464241434345
E2,League One,over_1.5,291,0.5946615181842669,0.20033320906719537,0.591311270620372,0.1991912330745523
E2,League One,over_2.5,291,0.7077553639658178,0.2558859305124846,0.7035412024289938,0.25403692274356543
E2,League One,over_3.5,291,0.5805302352456867,0.19678155416361942,0.5614514004820381,0.18734965609284293
E2,League One,under_0.5,291,0.21082609274386233,0.051381264254496725,0.21282065727774568,0.05171346424143435
E2,League One,under_1.5,291,0.5946615181842669,0.20033320906719532,0.5913112706203719,0.1991912330745523
E2,League One,under_2.5,291,0.7077553639658176,0.2558859305124846,0.7035412024289938,0.25403692274356543
E2,League One,under_3.5,291,0.5805302352456867,0.1967815541636194,0.561451400482038,0.18734965609284293
E3,League Two,1x2_away,292,0.6354353005449833,0.2201670845603075,0.626795696476382,0.21719880471765562
E3,League Two,1x2_draw,292,0.5883654886870873,0.1992920281228282,0.5827825880889639,0.19715143954294306
E3,League Two,1x2_home,292,0.6974368419367348,0.25211964155809147,0.6762533579613952,0.24179770288890695
E3,League Two,btts_no,292,0.7335389668665419,0.26901077600232115,0.7274986856117645,0.26647614924700236
E3,League Two,btts_yes,292,0.7335389668665419,0.26901077600232115,0.7274986856117645,0.26647614924700236
E3,League Two,dc_12,292,0.5883654886870874,0.1992920281228282,0.582782588088964,0.19715143954294306
E3,League Two,dc_1x,292,0.6354353005449833,0.2201670845603075,0.626795696476382,0.21719880471765562
E3,League Two,dc_2x,292,0.6974368419367348,0.2521196415580914,0.6762533579613952,0.24179770288890695
E3,League Two,over_0.5,292,0.22232442628362503,0.052972924457981935,0.2217677000401151,0.05328973721328281
E3,League Two,over_1.5,292,0.5858545903637894,0.19375792427814206,0.5735068843375509,0.19125342019632055
E3,League Two,over_2.5,292,0.7345905910342662,0.26898983948499167,0.7086739392244356,0.25683997453754165
E3,League Two,over_3.5,292,0.6370317396350961,0.22113610611063386,0.6099704290258902,0.2072613907760537
E3,League Two,under_0.5,292,0.22232442628362514,0.052972924457981935,0.2217677000401151,0.05328973721328281
E3,League Two,under_1.5,292,0.5858545903637894,0.19375792427814206,0.5735068843375508,0.19125342019632055
E3,League Two,under_2.5,292,0.7345905910342662,0.2689898394849917,0.7086739392244356,0.25683997453754165
E3,League Two,under_3.5,292,0.6370317396350961,0.22113610611063386,0.6099704290258902,0.2072613907760537
EC,Conference,1x2_away,303,0.656724863629903,0.2298480801565941,0.6411566644907323,0.224264807774875
EC,Conference,1x2_draw,303,0.5349322399067674,0.17532462771616072,0.5417515029751293,0.17804302152581689
EC,Conference,1x2_home,303,0.6882001253901198,0.24753214494920053,0.6716123633022213,0.239381922168087
EC,Conference,btts_no,303,0.6957611238199833,0.25089974088433337,0.6911418380420689,0.24884759317158567
EC,Conference,btts_yes,303,0.6957611238199833,0.25089974088433337,0.6911418380420689,0.24884759317158567
EC,Conference,dc_12,303,0.5349322399067674,0.17532462771616072,0.5417515029751293,0.17804302152581689
EC,Conference,dc_1x,303,0.656724863629903,0.2298480801565941,0.6411566644907323,0.22426480777487506
EC,Conference,dc_2x,303,0.6882001253901199,0.2475321449492006,0.6716123633022213,0.239381922168087
EC,Conference,over_0.5,303,0.1942770067047948,0.04837172057972155,0.19684437695169016,0.04862378770165143
EC,Conference,over_1.5,303,0.4741211375703528,0.14880486132585724,0.4801698411283053,0.1513874834751431
EC,Conference,over_2.5,303,0.6897976273383838,0.2476782910764537,0.6851503361272502,0.24591490123483206
EC,Conference,over_3.5,303,0.5738195412486145,0.19463765349572673,0.5589072771601976,0.18872948439396503
EC,Conference,under_0.5,303,0.19427700670479475,0.04837172057972155,0.19684437695169013,0.04862378770165143
EC,Conference,under_1.5,303,0.4741211375703528,0.14880486132585724,0.4801698411283053,0.1513874834751431
EC,Conference,under_2.5,303,0.6897976273383837,0.24767829107645373,0.6851503361272501,0.24591490123483206
EC,Conference,under_3.5,303,0.5738195412486145,0.19463765349572673,0.5589072771601977,0.18872948439396503
F1,Ligue 1,1x2_away,153,0.5710770643788721,0.1927701211703466,0.5779398275202605,0.19641533086623603
F1,Ligue 1,1x2_draw,153,0.5198558978766316,0.1686820149582533,0.5204731051748434,0.16886742609791788
F1,Ligue 1,1x2_home,153,0.6411128208962752,0.22651875582173325,0.652787304998847,0.23125757544217515
F1,Ligue 1,btts_no,153,0.7162684193041444,0.2609910475602367,0.7119616033596654,0.25903652578230374
F1,Ligue 1,btts_yes,153,0.7162684193041444,0.2609910475602367,0.7119616033596655,0.25903652578230374
F1,Ligue 1,dc_12,153,0.5198558978766316,0.1686820149582533,0.5204731051748435,0.16886742609791788
F1,Ligue 1,dc_1x,153,0.5710770643788721,0.1927701211703466,0.5779398275202606,0.19641533086623603
F1,Ligue 1,dc_2x,153,0.6411128208962751,0.22651875582173325,0.652787304998847,0.23125757544217515
F1,Ligue 1,over_0.5,153,0.20408524073121234,0.05005331368251218,0.204347601771803,0.04972468653875306
F1,Ligue 1,over_1.5,153,0.6457409595837663,0.2215045900233266,0.6371744378031022,0.21909851673724112
F1,Ligue 1,over_2.5,153,0.7186584421688716,0.2605674465711687,0.704778089759856,0.2547629483224615
F1,Ligue 1,over_3.5,153,0.6294757328172139,0.2198108381168155,0.6271477468213672,0.21812345381858073
F1,Ligue 1,under_0.5,153,0.2040852407312123,0.05005331368251218,0.204347601771803,0.04972468653875306
F1,Ligue 1,under_1.5,153,0.6457409595837664,0.2215045900233266,0.6371744378031022,0.2190985167372411
F1,Ligue 1,under_2.5,153,0.7186584421688716,0.2605674465711687,0.704778089759856,0.2547629483224615
F1,Ligue 1,under_3.5,153,0.6294757328172139,0.2198108381168155,0.6271477468213672,0.21812345381858073
F2,Ligue 2,1x2_away,161,0.6649401984887864,0.23261248027326345,0.6515059819694067,0.22825484350905456
F2,Ligue 2,1x2_draw,161,0.605325673545467,0.2065921557246525,0.5986975601593568,0.20424124500741245
F2,Ligue 2,1x2_home,161,0.7040126151817336,0.2548124861934479,0.6750417215343855,0.2403297145359684
F2,Ligue 2,btts_no,161,0.7020574867324558,0.2545052976976526,0.706474499255289,0.25652061468728193
F2,Ligue 2,btts_yes,161,0.7020574867324558,0.2545052976976526,0.706474499255289,0.25652061468728193
F2,Ligue 2,dc_12,161,0.605325673545467,0.2065921557246525,0.5986975601593569,0.2042412450074125
F2,Ligue 2,dc_1x,161,0.6649401984887865,0.2326124802732635,0.6515059819694067,0.22825484350905456
F2,Ligue 2,dc_2x,161,0.7040126151817336,0.2548124861934479,0.6750417215343854,0.2403297145359684
F2,Ligue 2,over_0.5,161,0.25877383045541036,0.06801034721350856,0.2630950139353961,0.06860722972549248
F2,Ligue 2,over_1.5,161,0.6632200715542859,0.23176314461750058,0.6381945903915643,0.22320665135004913
F2,Ligue 2,over_2.5,161,0.709963194338225,0.258256087762605,0.7053236661386597,0.25576549396316955
F2,Ligue 2,over_3.5,161,0.6254888604494107,0.21557103018960302,0.6317212170372939,0.21469578225597963
F2,Ligue 2,under_0.5,161,0.25877383045541036,0.06801034721350858,0.26309501393539597,0.06860722972549248
F2,Ligue 2,under_1.5,161,0.6632200715542859,0.23176314461750064,0.6381945903915643,0.22320665135004913
F2,Ligue 2,under_2.5,161,0.709963194338225,0.258256087762605,0.7053236661386597,0.25576549396316955
F2,Ligue 2,under_3.5,161,0.6254888604494107,0.215571030189603,0.6317212170372939,0.21469578225597963
G1,Greece Super League,1x2_away,111,0.5379394746822296,0.18384368401866524,0.5335233422236778,0.1821634843309748
G1,Greece Super League,1x2_draw,111,0.5400736381586573,0.17655465964119552,0.5383310269426435,0.17617502310481808
G1,Greece Super League,1x2_home,111,0.5631158872055045,0.1877925707559335,0.5515210858881563,0.1824708813057307
G1,Greece Super League,btts_no,111,0.6763228801580252,0.2417082546685451,0.6746859473497884,0.24094391589366462
G1,Greece Super League,btts_yes,111,0.6763228801580252,0.2417082546685451,0.6746859473497883,0.24094391589366457
G1,Greece Super League,dc_12,111,0.5400736381586574,0.17655465964119552,0.5383310269426435,0.1761750231048181
G1,Greece Super League,dc_1x,111,0.5379394746822296,0.18384368401866524,0.5335233422236777,0.1821634843309748
G1,Greece Super League,dc_2x,111,0.5631158872055045,0.1877925707559335,0.5515210858881562,0.18247088130573066
G1,Greece Super League,over_0.5,111,0.1781508307259503,0.04280322774244345,0.17864045596756828,0.04285929996556463
G1,Greece Super League,over_1.5,111,0.5006430023354109,0.16339087150368142,0.5007927841168855,0.16336601837507117
G1,Greece Super League,over_2.5,111,0.687700999383713,0.24616742794509294,0.6819705790583506,0.24338950596362716
G1,Greece Super League,over_3.5,111,0.5754559325689594,0.19357427106625455,0.5457263455707492,0.18038240947102113
G1,Greece Super League,under_0.5,111,0.17815083072595028,0.04280322774244344,0.1786404559675682,0.04285929996556463
G1,Greece Super League,under_1.5,111,0.5006430023354109,0.16339087150368142,0.5007927841168854,0.16336601837507117
G1,Greece Super League,under_2.5,111,0.687700999383713,0.24616742794509294,0.6819705790583505,0.2433895059636272
G1,Greece Super League,under_3.5,111,0.5754559325689594,0.19357427106625458,0.5457263455707492,0.18038240947102108
I1,Serie A,1x2_away,198,0.5822638474589376,0.19726025272936462,0.5888656021488622,0.19884092545865
I1,Serie A,1x2_draw,198,0.6172873644213895,0.21236184270776395,0.6027044116982585,0.20699393972247304
I1,Serie A,1x2_home,198,0.6477830783685785,0.22640854991216694,0.6275056135748696,0.2157349998552441
I1,Serie A,btts_no,198,0.7250508626800152,0.26515187590622696,0.7406969585565677,0.2724690626533562
I1,Serie A,btts_yes,198,0.725050862680015,0.26515187590622696,0.7406969585565677,0.2724690626533562
I1,Serie A,dc_12,198,0.6172873644213895,0.21236184270776398,0.6027044116982585,0.20699393972247304
I1,Serie A,dc_1x,198,0.5822638474589376,0.19726025272936462,0.5888656021488622,0.19884092545864998
I1,Serie A,dc_2x,198,0.6477830783685785,0.22640854991216694,0.6275056135748696,0.21573499985524408
I1,Serie A,over_0.5,198,0.31880434697264753,0.08743702493439397,0.3183008391607943,0.08762099424569848
I1,Serie A,over_1.5,198,0.6474801327490117,0.22436797449566956,0.6443290944290744,0.22360440852854402
I1,Serie A,over_2.5,198,0.7612168846774572,0.28152554438511573,0.7643462295449864,0.28146672998630606
I1,Serie A,over_3.5,198,0.5862585545559094,0.19780636263569804,0.5669217753864463,0.18808264701956992
I1,Serie A,under_0.5,198,0.31880434697264765,0.08743702493439397,0.31830083916079444,0.08762099424569848
I1,Serie A,under_1.5,198,0.6474801327490117,0.22436797449566956,0.6443290944290743,0.22360440852854396
I1,Serie A,under_2.5,198,0.7612168846774572,0.2815255443851157,0.7643462295449862,0.28146672998630606
I1,Serie A,under_3.5,198,0.5862585545559093,0.19780636263569798,0.5669217753864463,0.18808264701956992
I2,Serie B,1x2_away,190,0.5457091940084889,0.17980745632797782,0.5477384607554991,0.18056958927605132
I2,Serie B,1x2_draw,190,0.6527371947343769,0.22865847393332853,0.6344054626678349,0.22152527569612715
I2,Serie B,1x2_home,190,0.681124193416192,0.24421785814055802,0.6816131559562318,0.24394013858970157
I2,Serie B,btts_no,190,0.7086594632342524,0.2573636747016775,0.7059984643313291,0.25581521602479473
I2,Serie B,btts_yes,190,0.7086594632342524,0.2573636747016775,0.705998464331329,0.2558152160247947
I2,Serie B,dc_12,190,0.6527371947343769,0.22865847393332855,0.6344054626678349,0.2215252756961272
I2,Serie B,dc_1x,190,0.5457091940084889,0.17980745632797782,0.5477384607554991,0.18056958927605132
I2,Serie B,dc_2x,190,0.681124193416192,0.244217858140558,0.6816131559562318,0.24394013858970157
I2,Serie B,over_0.5,190,0.2725728354810883,0.07225483911705478,0.2742007671899049,0.07260454417743663
I2,Serie B,over_1.5,190,0.5996920277143318,0.20218267677463317,0.5942672246996591,0.20106416785561274
I2,Serie B,over_2.5,190,0.7226695566422329,0.2644959591967982,0.7162516224594938,0.2614328846131821
I2,Serie B,over_3.5,190,0.5988340193629218,0.20336182632699193,0.5901981807293255,0.19790701112808404
I2,Serie B,under_0.5,190,0.27257283548108835,0.07225483911705478,0.27420076718990494,0.07260454417743663
I2,Serie B,under_1.5,190,0.5996920277143319,0.20218267677463317,0.5942672246996591,0.20106416785561274
I2,Serie B,under_2.5,190,0.7226695566422329,0.26449595919679814,0.7162516224594939,0.2614328846131821
I2,Serie B,under_3.5,190,0.5988340193629219,0.20336182632699193,0.5901981807293256,0.19790701112808404
N1,Eredivisie,1x2_away,160,0.5329419061987846,0.17407088498136775,0.5295817394161937,0.17440133492115867
N1,Eredivisie,1x2_draw,160,0.5888685046504455,0.19527496096172542,0.5646987929164906,0.1897095781290839
N1,Eredivisie,1x2_home,160,0.6601666581316982,0.23573302956605852,0.6354207280836114,0.22682479050710141
N1,Eredivisie,btts_no,160,0.645653906793044,0.22736501904551334,0.6485892947724154,0.22852322236544068
N1,Eredivisie,btts_yes,160,0.6456539067930441,0.22736501904551334,0.6485892947724154,0.22852322236544068
N1,Eredivisie,dc_12,160,0.5888685046504454,0.19527496096172542,0.5646987929164906,0.1897095781290839
N1,Eredivisie,dc_1x,160,0.5329419061987846,0.17407088498136775,0.5295817394161937,0.17440133492115867
N1,Eredivisie,dc_2x,160,0.6601666581316982,0.23573302956605852,0.6354207280836114,0.22682479050710141
N1,Eredivisie,over_0.5,160,0.07468157821277806,0.012979995902881711,0.07974547095599517,0.013572214675880706
N1,Eredivisie,over_1.5,160,0.3938284010457239,0.12169820857199118,0.392427796020231,0.12079356516340087
N1,Eredivisie,over_2.5,160,0.6522165481789223,0.22832513264113516,0.6378921257307322,0.22364982008479303
N1,Eredivisie,over_3.5,160,0.6798453416495785,0.2429098576040082,0.6609440894593019,0.2349520303433242
N1,Eredivisie,under_0.5,160,0.07468157821277813,0.012979995902881708,0.07974547095599523,0.013572214675880712
N1,Eredivisie,under_1.5,160,0.3938284010457239,0.12169820857199118,0.3924277960202309,0.12079356516340087
N1,Eredivisie,under_2.5,160,0.6522165481789223,0.22832513264113516,0.6378921257307322,0.223649820084793
N1,Eredivisie,under_3.5,160,0.6798453416495785,0.2429098576040082,0.6609440894593019,0.2349520303433242
P1,Portugal Primeira Liga,1x2_away,153,0.5183812927974394,0.1734831517908562,0.5072158624824333,0.16777607267597652
P1,Portugal Primeira Liga,1x2_draw,153,0.5987722811601726,0.20098755628150536,0.5877854442599334,0.198133189788278
P1,Portugal Primeira Liga,1x2_home,153,0.5929170499400147,0.2031098079334073,0.5605498099755576,0.19117730226642202
P1,Portugal Primeira Liga,btts_no,153,0.6993134234156976,0.25257125329673136,0.6944003009140671,0.2505137682958871
P1,Portugal Primeira Liga,btts_yes,153,0.6993134234156976,0.25257125329673136,0.6944003009140671,0.2505137682958871
P1,Portugal Primeira Liga,dc_12,153,0.5987722811601727,0.20098755628150536,0.5877854442599335,0.198133189788278
P1,Portugal Primeira Liga,dc_1x,153,0.5183812927974394,0.1734831517908562,0.5072158624824333,0.16777607267597652
P1,Portugal Primeira Liga,dc_2x,153,0.5929170499400146,0.20310980793340727,0.5605498099755575,0.19117730226642202
P1,Portugal Primeira Liga,over_0.5,153,0.20492351008260903,0.05326714570310782,0.2061269260785629,0.05333280988348145
P1,Portugal Primeira Liga,over_1.5,153,0.5229349339534072,0.17248381240021624,0.5290785135862606,0.1754057684992259
P1,Portugal Primeira Liga,over_2.5,153,0.6475590476659073,0.22757788956459823,0.6500875647724457,0.2286131758342631
P1,Portugal Primeira Liga,over_3.5,153,0.5837226395215691,0.19695214815760292,0.5845752725517758,0.19745251167979197
P1,Portugal Primeira Liga,under_0.5,153,0.20492351008260903,0.05326714570310782,0.2061269260785629,0.05333280988348145
P1,Portugal Primeira Liga,under_1.5,153,0.5229349339534072,0.17248381240021624,0.5290785135862606,0.1754057684992259
P1,Portugal Primeira Liga,under_2.5,153,0.6475590476659073,0.22757788956459812,0.6500875647724456,0.22861317583426305
P1,Portugal Primeira Liga,under_3.5,153,0.5837226395215691,0.19695214815760295,0.5845752725517757,0.19745251167979197
SC0,Scotland Premiership,1x2_away,131,0.5388880848955516,0.18255314042745494,0.5337379976109367,0.18048036725759478
SC0,Scotland Premiership,1x2_draw,131,0.6360076834844827,0.21742884034585333,0.6082671211211255,0.2089230381672042
SC0,Scotland Premiership,1x2_home,131,0.6789989985877181,0.2373284693148002,0.6309026076032169,0.21597192970834442
SC0,Scotland Premiership,btts_no,131,0.7396979023875052,0.2724139468818429,0.7352290006827977,0.27033183608055755
SC0,Scotland Premiership,btts_yes,131,0.7396979023875052,0.27241394688184295,0.7352290006827977,0.27033183608055755
SC0,Scotland Premiership,dc_12,131,0.6360076834844827,0.2174288403458533,0.6082671211211257,0.20892303816720423
SC0,Scotland Premiership,dc_1x,131,0.5388880848955514,0.18255314042745494,0.5337379976109367,0.18048036725759478
SC0,Scotland Premiership,dc_2x,131,0.6789989985877181,0.23732846931480017,0.6309026076032169,0.21597192970834442
SC0,Scotland Premiership,over_0.5,131,0.2961106855312078,0.07282050325494874,0.2818367863462836,0.07186482350123574
SC0,Scotland Premiership,over_1.5,131,0.6209397696615422,0.20071015259781985,0.6046217768022067,0.19891810839038646
SC0,Scotland Premiership,over_2.5,131,0.7924422594206589,0.2932250757437797,0.7493388494863259,0.2754367512570379
SC0,Scotland Premiership,over_3.5,131,0.6877495050097632,0.24481491025495405,0.6309164195247917,0.21770752417772604
SC0,Scotland Premiership,under_0.5,131,0.2961106855312078,0.07282050325494874,0.28183678634628345,0.07186482350123574
SC0,Scotland Premiership,under_1.5,131,0.6209397696615422,0.20071015259781985,0.6046217768022067,0.19891810839038646
SC0,Scotland Premiership,under_2.5,131,0.7924422594206589,0.29322507574377965,0.7493388494863259,0.27543675125703787
SC0,Scotland Premiership,under_3.5,131,0.6877495050097632,0.244814910254954,0.6309164195247916,0.217707524177726
SP1,La Liga,1x2_away,189,0.5500180782839978,0.1816495603762449,0.5508656308027138,0.18115642594387216
SP1,La Liga,1x2_draw,189,0.5633350183698264,0.19030979880673946,0.5598202370768494,0.18848846391380922
SP1,La Liga,1x2_home,189,0.6126855451678915,0.2122490253487125,0.6040041758834462,0.20865317648589687
SP1,La Liga,btts_no,189,0.7044804048482058,0.2550302391720236,0.707025838825237,0.25610448117231166
SP1,La Liga,btts_yes,189,0.7044804048482058,0.2550302391720236,0.707025838825237,0.25610448117231166
SP1,La Liga,dc_12,189,0.5633350183698264,0.1903097988067394,0.5598202370768492,0.18848846391380922
SP1,La Liga,dc_1x,189,0.5500180782839978,0.1816495603762449,0.5508656308027138,0.18115642594387218
SP1,La Liga,dc_2x,189,0.6126855451678915,0.21224902534871254,0.6040041758834463,0.20865317648589687
SP1,La Liga,over_0.5,189,0.19941112586218543,0.04669584673281407,0.19933494012151368,0.046759977312629035
SP1,La Liga,over_1.5,189,0.5209702175418949,0.1702449682314223,0.5264005807711973,0.17287345159267098
SP1,La Liga,over_2.5,189,0.7084430720668731,0.25521429709759164,0.6892417547833412,0.24735188028468227
SP1,La Liga,over_3.5,189,0.5647460102265264,0.19043596703718574,0.5324424619691156,0.17559737450079466
SP1,La Liga,under_0.5,189,0.19941112586218537,0.046695846732814066,0.19933494012151357,0.04675997731262903
SP1,La Liga,under_1.5,189,0.5209702175418949,0.1702449682314223,0.5264005807711973,0.17287345159267098
SP1,La Liga,under_2.5,189,0.7084430720668731,0.25521429709759164,0.6892417547833409,0.24735188028468227
SP1,La Liga,under_3.5,189,0.5647460102265264,0.19043596703718574,0.5324424619691156,0.17559737450079466
SP2,La Liga 2,1x2_away,231,0.6875736378551821,0.23067267085619442,0.6629204718271988,0.2249405137808844
SP2,La Liga 2,1x2_draw,231,0.6222099741495307,0.21163248953878627,0.5996339347561639,0.2045844553146052
SP2,La Liga 2,1x2_home,231,0.7859411626887254,0.2911254732271923,0.7121141128019971,0.2585255803914706
SP2,La Liga 2,btts_no,231,0.6833556830440264,0.24537604846272396,0.6885076108855689,0.24781387753418502
SP2,La Liga 2,btts_yes,231,0.6833556830440264,0.24537604846272396,0.6885076108855689,0.24781387753418505
SP2,La Liga 2,dc_12,231,0.6222099741495306,0.21163248953878627,0.5996339347561639,0.2045844553146052
SP2,La Liga 2,dc_1x,231,0.687573637855182,0.23067267085619444,0.6629204718271988,0.22494051378088437
SP2,La Liga 2,dc_2x,231,0.7859411626887255,0.2911254732271923,0.7121141128019971,0.2585255803914705
SP2,La Liga 2,over_0.5,231,0.3675295579297397,0.09640745248372933,0.3400855036342908,0.09410793132088781
SP2,La Liga 2,over_1.5,231,0.6680872279832798,0.22936320212851544,0.6255260791458332,0.2168625329545801
SP2,La Liga 2,over_2.5,231,0.7113481911621456,0.25747590825027,0.6900853140047138,0.24772639452148065
SP2,La Liga 2,over_3.5,231,0.5998519585381721,0.20562912320670246,0.5750300687677845,0.19402169970951663
SP2,La Liga 2,under_0.5,231,0.3675295579297397,0.09640745248372933,0.3400855036342908,0.09410793132088781
SP2,La Liga 2,under_1.5,231,0.6680872279832798,0.22936320212851544,0.6255260791458331,0.2168625329545801
SP2,La Liga 2,under_2.5,231,0.7113481911621456,0.25747590825027,0.6900853140047138,0.24772639452148068
SP2,La Liga 2,under_3.5,231,0.5998519585381721,0.20562912320670246,0.5750300687677845,0.1940216997095166
T1,Turkey Super Lig,1x2_away,153,0.5817952047735466,0.19926949233305194,0.5686796290583135,0.19429489251898382
T1,Turkey Super Lig,1x2_draw,153,0.6623418276406718,0.228627820693601,0.6312963186264369,0.21923873747611367
T1,Turkey Super Lig,1x2_home,153,0.6923510593157223,0.252461232596762,0.6189058764196105,0.21904695600317234
T1,Turkey Super Lig,btts_no,153,0.7186548876753652,0.26196610801546233,0.7147403599803548,0.26022864281204566
T1,Turkey Super Lig,btts_yes,153,0.718654887675365,0.26196610801546233,0.7147403599803549,0.26022864281204566
T1,Turkey Super Lig,dc_12,153,0.6623418276406718,0.228627820693601,0.6312963186264369,0.21923873747611367
T1,Turkey Super Lig,dc_1x,153,0.5817952047735466,0.199269492333052,0.5686796290583135,0.19429489251898382
T1,Turkey Super Lig,dc_2x,153,0.6923510593157222,0.252461232596762,0.6189058764196105,0.21904695600317234
T1,Turkey Super Lig,over_0.5,153,0.37265383983161676,0.09309134630546943,0.33525985134969266,0.0904814815984656
T1,Turkey Super Lig,over_1.5,153,0.6188759958356547,0.20331309771154882,0.5821913530558104,0.19489544957550844
T1,Turkey Super Lig,over_2.5,153,0.7951978651992313,0.29620213442685217,0.7436341661520142,0.2740928770552597
T1,Turkey Super Lig,over_3.5,153,0.6528098165764934,0.22959908864925369,0.5962839060072361,0.20160822559265984
T1,Turkey Super Lig,under_0.5,153,0.37265383983161676,0.09309134630546945,0.3352598513496928,0.09048148159846561
T1,Turkey Super Lig,under_1.5,153,0.6188759958356547,0.20331309771154885,0.5821913530558104,0.19489544957550842
T1,Turkey Super Lig,under_2.5,153,0.7951978651992313,0.2962021344268522,0.7436341661520142,0.2740928770552597
T1,Turkey Super Lig,under_3.5,153,0.6528098165764935,0.22959908864925369,0.5962839060072361,0.20160822559265987
